{"metadata": {"schema_version": "0.2", "title": "[Audiveris detected movement]", "creators": ["Andrew Fling", "A New Life to Love, p.2", "A New Life to Love, p.3"], "copyright": "WWW.makingmusinun.net", "source_filename": "a-new-life-to-love-piano.mxl", "source_format": "musicxml"}, "resolution": 12, "tempos": [{"time": 0, "qpm": 120.0}], "key_signatures": [{"time": 0, "fifths": 4}, {"time": 732, "fifths": 4}, {"time": 1656, "fifths": 4}], "time_signatures": [{"time": 0, "numerator": 4, "denominator": 4}], "barlines": [{"time": 0}, {"time": 48}, {"time": 96}, {"time": 144}, {"time": 192}, {"time": 246}, {"time": 294}, {"time": 342}, {"time": 390}, {"time": 438}, {"time": 486}, {"time": 486}, {"time": 534}, {"time": 582}, {"time": 636}, {"time": 684}, {"time": 732}, {"time": 780}, {"time": 828}, {"time": 828}, {"time": 876}, {"time": 924}, {"time": 972}, {"time": 1020}, {"time": 1068}, {"time": 1116}, {"time": 1164}, {"time": 1212}, {"time": 1260}, {"time": 1308}, {"time": 1356}, {"time": 1404}, {"time": 1452}, {"time": 1500}, {"time": 1548}, {"time": 1608}, {"time": 1656}, {"time": 1704}, {"time": 1752}, {"time": 1800}, {"time": 1848}, {"time": 1896}], "beats": [{"time": 0}, {"time": 12}, {"time": 24}, {"time": 36}, {"time": 48}, {"time": 60}, {"time": 72}, {"time": 84}, {"time": 96}, {"time": 108}, {"time": 120}, {"time": 132}, {"time": 144}, {"time": 156}, {"time": 168}, {"time": 180}, {"time": 192}, {"time": 204}, {"time": 216}, {"time": 228}, {"time": 240}, {"time": 246}, {"time": 258}, {"time": 270}, {"time": 282}, {"time": 294}, {"time": 306}, {"time": 318}, {"time": 330}, {"time": 342}, {"time": 354}, {"time": 366}, {"time": 378}, {"time": 390}, {"time": 402}, {"time": 414}, {"time": 426}, {"time": 438}, {"time": 450}, {"time": 462}, {"time": 474}, {"time": 486}, {"time": 498}, {"time": 510}, {"time": 522}, {"time": 534}, {"time": 546}, {"time": 558}, {"time": 570}, {"time": 582}, {"time": 594}, {"time": 606}, {"time": 618}, {"time": 630}, {"time": 636}, {"time": 648}, {"time": 660}, {"time": 672}, {"time": 684}, {"time": 696}, {"time": 708}, {"time": 720}, {"time": 732}, {"time": 744}, {"time": 756}, {"time": 768}, {"time": 780}, {"time": 792}, {"time": 804}, {"time": 816}, {"time": 828}, {"time": 840}, {"time": 852}, {"time": 864}, {"time": 876}, {"time": 888}, {"time": 900}, {"time": 912}, {"time": 924}, {"time": 936}, {"time": 948}, {"time": 960}, {"time": 972}, {"time": 984}, {"time": 996}, {"time": 1008}, {"time": 1020}, {"time": 1032}, {"time": 1044}, {"time": 1056}, {"time": 1068}, {"time": 1080}, {"time": 1092}, {"time": 1104}, {"time": 1116}, {"time": 1128}, {"time": 1140}, {"time": 1152}, {"time": 1164}, {"time": 1176}, {"time": 1188}, {"time": 1200}, {"time": 1212}, {"time": 1224}, {"time": 1236}, {"time": 1248}, {"time": 1260}, {"time": 1272}, {"time": 1284}, {"time": 1296}, {"time": 1308}, {"time": 1320}, {"time": 1332}, {"time": 1344}, {"time": 1356}, {"time": 1368}, {"time": 1380}, {"time": 1392}, {"time": 1404}, {"time": 1416}, {"time": 1428}, {"time": 1440}, {"time": 1452}, {"time": 1464}, {"time": 1476}, {"time": 1488}, {"time": 1500}, {"time": 1512}, {"time": 1524}, {"time": 1536}, {"time": 1548}, {"time": 1560}, {"time": 1572}, {"time": 1584}, {"time": 1596}, {"time": 1608}, {"time": 1620}, {"time": 1632}, {"time": 1644}, {"time": 1656}, {"time": 1668}, {"time": 1680}, {"time": 1692}, {"time": 1704}, {"time": 1716}, {"time": 1728}, {"time": 1740}, {"time": 1752}, {"time": 1764}, {"time": 1776}, {"time": 1788}, {"time": 1800}, {"time": 1812}, {"time": 1824}, {"time": 1836}, {"time": 1848}, {"time": 1860}, {"time": 1872}, {"time": 1884}, {"time": 1896}, {"time": 1908}, {"time": 1920}, {"time": 1932}], "tracks": [{"program": 1, "is_drum": false, "name": "Acoustic Grand Piano", "notes": [{"time": 0, "pitch": 40, "duration": 6, "velocity": 67, "pitch_str": "E2"}, {"time": 6, "pitch": 47, "duration": 6, "velocity": 67, "pitch_str": "B2"}, {"time": 12, "pitch": 56, "duration": 36, "velocity": 67, "pitch_str": "G#3"}, {"time": 12, "pitch": 80, "duration": 6, "velocity": 64, "pitch_str": "G#5"}, {"time": 18, "pitch": 81, "duration": 6, "velocity": 64, "pitch_str": "A5"}, {"time": 24, "pitch": 83, "duration": 18, "velocity": 64, "pitch_str": "B5"}, {"time": 42, "pitch": 71, "duration": 6, "velocity": 64, "pitch_str": "B4"}, {"time": 48, "pitch": 45, "duration": 6, "velocity": 67, "pitch_str": "A2"}, {"time": 48, "pitch": 73, "duration": 48, "velocity": 67, "pitch_str": "C#5"}, {"time": 54, "pitch": 52, "duration": 6, "velocity": 67, "pitch_str": "E3"}, {"time": 60, "pitch": 57, "duration": 6, "velocity": 67, "pitch_str": "A3"}, {"time": 66, "pitch": 59, "duration": 6, "velocity": 67, "pitch_str": "B3"}, {"time": 72, "pitch": 45, "duration": 6, "velocity": 67, "pitch_str": "A2"}, {"time": 78, "pitch": 52, "duration": 6, "velocity": 67, "pitch_str": "E3"}, {"time": 84, "pitch": 57, "duration": 6, "velocity": 67, "pitch_str": "A3"}, {"time": 90, "pitch": 59, "duration": 6, "velocity": 67, "pitch_str": "B3"}, {"time": 96, "pitch": 47, "duration": 36, "velocity": 56, "pitch_str": "B2"}, {"time": 96, "pitch": 59, "duration": 12, "velocity": 56, "pitch_str": "B3"}, {"time": 96, "pitch": 63, "duration": 12, "velocity": 56, "pitch_str": "D#4"}, {"time": 108, "pitch": 69, "duration": 6, "velocity": 56, "pitch_str": "A4"}, {"time": 114, "pitch": 68, "duration": 6, "velocity": 56, "pitch_str": "G#4"}, {"time": 120, "pitch": 66, "duration": 18, "velocity": 56, "pitch_str": "F#4"}, {"time": 132, "pitch": 35, "duration": 12, "velocity": 56, "pitch_str": "B1"}, {"time": 138, "pitch": 64, "duration": 6, "velocity": 56, "pitch_str": "E4"}, {"time": 144, "pitch": 40, "duration": 60, "velocity": 56, "pitch_str": "E2"}, {"time": 144, "pitch": 47, "duration": 60, "velocity": 56, "pitch_str": "B2"}, {"time": 144, "pitch": 54, "duration": 6, "velocity": 56, "pitch_str": "F#3"}, {"time": 144, "pitch": 64, "duration": 54, "velocity": 56, "pitch_str": "E4"}, {"time": 150, "pitch": 56, "duration": 48, "velocity": 56, "pitch_str": "G#3"}, {"time": 204, "pitch": 68, "duration": 6, "velocity": 56, "pitch_str": "G#4"}, {"time": 210, "pitch": 69, "duration": 6, "velocity": 56, "pitch_str": "A4"}, {"time": 216, "pitch": 71, "duration": 18, "velocity": 56, "pitch_str": "B4"}, {"time": 234, "pitch": 59, "duration": 12, "velocity": 56, "pitch_str": "B3"}, {"time": 246, "pitch": 45, "duration": 6, "velocity": 56, "pitch_str": "A2"}, {"time": 246, "pitch": 61, "duration": 48, "velocity": 56, "pitch_str": "C#4"}, {"time": 252, "pitch": 52, "duration": 6, "velocity": 56, "pitch_str": "E3"}, {"time": 258, "pitch": 59, "duration": 6, "velocity": 56, "pitch_str": "B3"}, {"time": 264, "pitch": 52, "duration": 6, "velocity": 56, "pitch_str": "E3"}, {"time": 270, "pitch": 57, "duration": 18, "velocity": 56, "pitch_str": "A3"}, {"time": 288, "pitch": 56, "duration": 3, "velocity": 56, "pitch_str": "G#3"}, {"time": 291, "pitch": 54, "duration": 3, "velocity": 56, "pitch_str": "F#3"}, {"time": 294, "pitch": 47, "duration": 6, "velocity": 56, "pitch_str": "B2"}, {"time": 300, "pitch": 54, "duration": 6, "velocity": 56, "pitch_str": "F#3"}, {"time": 306, "pitch": 59, "duration": 12, "velocity": 56, "pitch_str": "B3"}, {"time": 306, "pitch": 69, "duration": 6, "velocity": 56, "pitch_str": "A4"}, {"time": 312, "pitch": 71, "duration": 6, "velocity": 56, "pitch_str": "B4"}, {"time": 318, "pitch": 47, "duration": 6, "velocity": 56, "pitch_str": "B2"}, {"time": 318, "pitch": 73, "duration": 18, "velocity": 56, "pitch_str": "C#5"}, {"time": 324, "pitch": 54, "duration": 6, "velocity": 56, "pitch_str": "F#3"}, {"time": 330, "pitch": 57, "duration": 12, "velocity": 56, "pitch_str": "A3"}, {"time": 336, "pitch": 61, "duration": 6, "velocity": 56, "pitch_str": "C#4"}, {"time": 342, "pitch": 40, "duration": 6, "velocity": 56, "pitch_str": "E2"}, {"time": 342, "pitch": 63, "duration": 48, "velocity": 56, "pitch_str": "D#4"}, {"time": 348, "pitch": 47, "duration": 6, "velocity": 56, "pitch_str": "B2"}, {"time": 354, "pitch": 56, "duration": 6, "velocity": 56, "pitch_str": "G#3"}, {"time": 360, "pitch": 54, "duration": 6, "velocity": 56, "pitch_str": "F#3"}, {"time": 366, "pitch": 56, "duration": 12, "velocity": 56, "pitch_str": "G#3"}, {"time": 378, "pitch": 52, "duration": 12, "velocity": 56, "pitch_str": "E3"}, {"time": 390, "pitch": 49, "duration": 6, "velocity": 56, "pitch_str": "C#3"}, {"time": 396, "pitch": 56, "duration": 6, "velocity": 56, "pitch_str": "G#3"}, {"time": 402, "pitch": 61, "duration": 12, "velocity": 56, "pitch_str": "C#4"}, {"time": 402, "pitch": 71, "duration": 6, "velocity": 56, "pitch_str": "B4"}, {"time": 408, "pitch": 73, "duration": 6, "velocity": 56, "pitch_str": "C#5"}, {"time": 414, "pitch": 49, "duration": 6, "velocity": 56, "pitch_str": "C#3"}, {"time": 414, "pitch": 75, "duration": 18, "velocity": 56, "pitch_str": "D#5"}, {"time": 420, "pitch": 56, "duration": 6, "velocity": 56, "pitch_str": "G#3"}, {"time": 426, "pitch": 59, "duration": 12, "velocity": 56, "pitch_str": "B3"}, {"time": 432, "pitch": 68, "duration": 12, "velocity": 56, "pitch_str": "G#4"}, {"time": 438, "pitch": 42, "duration": 6, "velocity": 67, "pitch_str": "F#2"}, {"time": 438, "pitch": 76, "duration": 18, "velocity": 67, "pitch_str": "E5"}, {"time": 444, "pitch": 49, "duration": 6, "velocity": 67, "pitch_str": "C#3"}, {"time": 450, "pitch": 58, "duration": 12, "velocity": 67, "pitch_str": "A#3"}, {"time": 456, "pitch": 70, "duration": 6, "velocity": 67, "pitch_str": "A#4"}, {"time": 462, "pitch": 64, "duration": 12, "velocity": 67, "pitch_str": "E4"}, {"time": 462, "pitch": 70, "duration": 12, "velocity": 67, "pitch_str": "A#4"}, {"time": 474, "pitch": 58, "duration": 12, "velocity": 67, "pitch_str": "A#3"}, {"time": 480, "pitch": 61, "duration": 6, "velocity": 67, "pitch_str": "C#4"}, {"time": 486, "pitch": 42, "duration": 6, "velocity": 67, "pitch_str": "F#2"}, {"time": 486, "pitch": 47, "duration": 6, "velocity": 56, "pitch_str": "B2"}, {"time": 486, "pitch": 59, "duration": 48, "velocity": 56, "pitch_str": "B3"}, {"time": 486, "pitch": 69, "duration": 12, "velocity": 67, "pitch_str": "A4"}, {"time": 492, "pitch": 49, "duration": 6, "velocity": 67, "pitch_str": "C#3"}, {"time": 492, "pitch": 54, "duration": 6, "velocity": 56, "pitch_str": "F#3"}, {"time": 498, "pitch": 57, "duration": 6, "velocity": 56, "pitch_str": "A3"}, {"time": 498, "pitch": 57, "duration": 6, "velocity": 67, "pitch_str": "A3"}, {"time": 498, "pitch": 66, "duration": 6, "velocity": 67, "pitch_str": "F#4"}, {"time": 498, "pitch": 68, "duration": 12, "velocity": 67, "pitch_str": "G#4"}, {"time": 504, "pitch": 42, "duration": 6, "velocity": 67, "pitch_str": "F#2"}, {"time": 504, "pitch": 54, "duration": 6, "velocity": 56, "pitch_str": "F#3"}, {"time": 504, "pitch": 68, "duration": 6, "velocity": 67, "pitch_str": "G#4"}, {"time": 510, "pitch": 49, "duration": 6, "velocity": 67, "pitch_str": "C#3"}, {"time": 510, "pitch": 57, "duration": 18, "velocity": 56, "pitch_str": "A3"}, {"time": 510, "pitch": 61, "duration": 12, "velocity": 67, "pitch_str": "C#4"}, {"time": 510, "pitch": 69, "duration": 12, "velocity": 67, "pitch_str": "A4"}, {"time": 516, "pitch": 57, "duration": 6, "velocity": 67, "pitch_str": "A3"}, {"time": 522, "pitch": 42, "duration": 6, "velocity": 67, "pitch_str": "F#2"}, {"time": 522, "pitch": 63, "duration": 12, "velocity": 67, "pitch_str": "D#4"}, {"time": 522, "pitch": 66, "duration": 18, "velocity": 67, "pitch_str": "F#4"}, {"time": 522, "pitch": 71, "duration": 12, "velocity": 67, "pitch_str": "B4"}, {"time": 528, "pitch": 47, "duration": 6, "velocity": 56, "pitch_str": "B2"}, {"time": 528, "pitch": 49, "duration": 6, "velocity": 67, "pitch_str": "C#3"}, {"time": 534, "pitch": 40, "duration": 6, "velocity": 56, "pitch_str": "E2"}, {"time": 534, "pitch": 57, "duration": 6, "velocity": 67, "pitch_str": "A3"}, {"time": 534, "pitch": 59, "duration": 12, "velocity": 56, "pitch_str": "B3"}, {"time": 534, "pitch": 68, "duration": 12, "velocity": 56, "pitch_str": "G#4"}, {"time": 540, "pitch": 47, "duration": 6, "velocity": 56, "pitch_str": "B2"}, {"time": 546, "pitch": 56, "duration": 24, "velocity": 56, "pitch_str": "G#3"}, {"time": 546, "pitch": 63, "duration": 36, "velocity": 56, "pitch_str": "D#4"}, {"time": 546, "pitch": 68, "duration": 6, "velocity": 56, "pitch_str": "G#4"}, {"time": 552, "pitch": 69, "duration": 6, "velocity": 56, "pitch_str": "A4"}, {"time": 558, "pitch": 71, "duration": 18, "velocity": 56, "pitch_str": "B4"}, {"time": 570, "pitch": 52, "duration": 12, "velocity": 56, "pitch_str": "E3"}, {"time": 576, "pitch": 59, "duration": 6, "velocity": 56, "pitch_str": "B3"}, {"time": 582, "pitch": 45, "duration": 6, "velocity": 56, "pitch_str": "A2"}, {"time": 582, "pitch": 61, "duration": 48, "velocity": 56, "pitch_str": "C#4"}, {"time": 588, "pitch": 52, "duration": 6, "velocity": 56, "pitch_str": "E3"}, {"time": 594, "pitch": 59, "duration": 6, "velocity": 56, "pitch_str": "B3"}, {"time": 600, "pitch": 52, "duration": 6, "velocity": 56, "pitch_str": "E3"}, {"time": 606, "pitch": 57, "duration": 6, "velocity": 56, "pitch_str": "A3"}, {"time": 612, "pitch": 52, "duration": 6, "velocity": 56, "pitch_str": "E3"}, {"time": 618, "pitch": 51, "duration": 6, "velocity": 56, "pitch_str": "D#3"}, {"time": 624, "pitch": 52, "duration": 6, "velocity": 56, "pitch_str": "E3"}, {"time": 630, "pitch": 54, "duration": 6, "velocity": 56, "pitch_str": "F#3"}, {"time": 636, "pitch": 47, "duration": 6, "velocity": 56, "pitch_str": "B2"}, {"time": 642, "pitch": 54, "duration": 6, "velocity": 56, "pitch_str": "F#3"}, {"time": 648, "pitch": 59, "duration": 12, "velocity": 56, "pitch_str": "B3"}, {"time": 648, "pitch": 69, "duration": 6, "velocity": 56, "pitch_str": "A4"}, {"time": 654, "pitch": 71, "duration": 6, "velocity": 56, "pitch_str": "B4"}, {"time": 660, "pitch": 47, "duration": 6, "velocity": 56, "pitch_str": "B2"}, {"time": 660, "pitch": 73, "duration": 18, "velocity": 56, "pitch_str": "C#5"}, {"time": 666, "pitch": 54, "duration": 6, "velocity": 56, "pitch_str": "F#3"}, {"time": 672, "pitch": 57, "duration": 12, "velocity": 56, "pitch_str": "A3"}, {"time": 678, "pitch": 61, "duration": 12, "velocity": 56, "pitch_str": "C#4"}, {"time": 684, "pitch": 40, "duration": 6, "velocity": 56, "pitch_str": "E2"}, {"time": 684, "pitch": 63, "duration": 48, "velocity": 56, "pitch_str": "D#4"}, {"time": 690, "pitch": 47, "duration": 6, "velocity": 56, "pitch_str": "B2"}, {"time": 696, "pitch": 56, "duration": 6, "velocity": 56, "pitch_str": "G#3"}, {"time": 702, "pitch": 54, "duration": 6, "velocity": 56, "pitch_str": "F#3"}, {"time": 708, "pitch": 56, "duration": 24, "velocity": 56, "pitch_str": "G#3"}, {"time": 714, "pitch": 75, "duration": 6, "velocity": 56, "pitch_str": "D#5"}, {"time": 720, "pitch": 83, "duration": 6, "velocity": 56, "pitch_str": "B5"}, {"time": 726, "pitch": 81, "duration": 6, "velocity": 56, "pitch_str": "A5"}, {"time": 732, "pitch": 49, "duration": 6, "velocity": 56, "pitch_str": "C#3"}, {"time": 732, "pitch": 71, "duration": 12, "velocity": 56, "pitch_str": "B4"}, {"time": 732, "pitch": 80, "duration": 12, "velocity": 56, "pitch_str": "G#5"}, {"time": 738, "pitch": 56, "duration": 6, "velocity": 56, "pitch_str": "G#3"}, {"time": 744, "pitch": 61, "duration": 12, "velocity": 56, "pitch_str": "C#4"}, {"time": 744, "pitch": 71, "duration": 6, "velocity": 56, "pitch_str": "B4"}, {"time": 750, "pitch": 73, "duration": 6, "velocity": 56, "pitch_str": "C#5"}, {"time": 756, "pitch": 49, "duration": 6, "velocity": 56, "pitch_str": "C#3"}, {"time": 756, "pitch": 75, "duration": 18, "velocity": 56, "pitch_str": "D#5"}, {"time": 762, "pitch": 56, "duration": 6, "velocity": 56, "pitch_str": "G#3"}, {"time": 768, "pitch": 59, "duration": 12, "velocity": 56, "pitch_str": "B3"}, {"time": 774, "pitch": 68, "duration": 6, "velocity": 56, "pitch_str": "G#4"}, {"time": 780, "pitch": 42, "duration": 6, "velocity": 67, "pitch_str": "F#2"}, {"time": 780, "pitch": 76, "duration": 18, "velocity": 67, "pitch_str": "E5"}, {"time": 786, "pitch": 49, "duration": 6, "velocity": 67, "pitch_str": "C#3"}, {"time": 792, "pitch": 58, "duration": 12, "velocity": 67, "pitch_str": "A#3"}, {"time": 798, "pitch": 70, "duration": 6, "velocity": 67, "pitch_str": "A#4"}, {"time": 804, "pitch": 64, "duration": 12, "velocity": 67, "pitch_str": "E4"}, {"time": 804, "pitch": 70, "duration": 12, "velocity": 67, "pitch_str": "A#4"}, {"time": 816, "pitch": 58, "duration": 12, "velocity": 67, "pitch_str": "A#3"}, {"time": 822, "pitch": 61, "duration": 12, "velocity": 67, "pitch_str": "C#4"}, {"time": 828, "pitch": 40, "duration": 6, "velocity": 56, "pitch_str": "E2"}, {"time": 828, "pitch": 42, "duration": 6, "velocity": 67, "pitch_str": "F#2"}, {"time": 828, "pitch": 64, "duration": 48, "velocity": 56, "pitch_str": "E4"}, {"time": 828, "pitch": 69, "duration": 12, "velocity": 67, "pitch_str": "A4"}, {"time": 834, "pitch": 47, "duration": 6, "velocity": 56, "pitch_str": "B2"}, {"time": 834, "pitch": 49, "duration": 6, "velocity": 67, "pitch_str": "C#3"}, {"time": 840, "pitch": 54, "duration": 6, "velocity": 56, "pitch_str": "F#3"}, {"time": 840, "pitch": 57, "duration": 6, "velocity": 67, "pitch_str": "A3"}, {"time": 840, "pitch": 68, "duration": 12, "velocity": 67, "pitch_str": "G#4"}, {"time": 846, "pitch": 42, "duration": 6, "velocity": 67, "pitch_str": "F#2"}, {"time": 846, "pitch": 52, "duration": 6, "velocity": 56, "pitch_str": "E3"}, {"time": 852, "pitch": 49, "duration": 6, "velocity": 67, "pitch_str": "C#3"}, {"time": 852, "pitch": 56, "duration": 24, "velocity": 56, "pitch_str": "G#3"}, {"time": 858, "pitch": 57, "duration": 6, "velocity": 67, "pitch_str": "A3"}, {"time": 864, "pitch": 47, "duration": 6, "velocity": 67, "pitch_str": "B2"}, {"time": 864, "pitch": 66, "duration": 18, "velocity": 67, "pitch_str": "F#4"}, {"time": 870, "pitch": 54, "duration": 6, "velocity": 67, "pitch_str": "F#3"}, {"time": 876, "pitch": 47, "duration": 6, "velocity": 89, "pitch_str": "B2"}, {"time": 876, "pitch": 59, "duration": 6, "velocity": 67, "pitch_str": "B3"}, {"time": 876, "pitch": 66, "duration": 24, "velocity": 89, "pitch_str": "F#4"}, {"time": 876, "pitch": 74, "duration": 24, "velocity": 89, "pitch_str": "D5"}, {"time": 882, "pitch": 54, "duration": 6, "velocity": 89, "pitch_str": "F#3"}, {"time": 888, "pitch": 62, "duration": 6, "velocity": 89, "pitch_str": "D4"}, {"time": 894, "pitch": 54, "duration": 6, "velocity": 89, "pitch_str": "F#3"}, {"time": 900, "pitch": 52, "duration": 6, "velocity": 89, "pitch_str": "E3"}, {"time": 900, "pitch": 68, "duration": 18, "velocity": 89, "pitch_str": "G#4"}, {"time": 900, "pitch": 76, "duration": 18, "velocity": 89, "pitch_str": "E5"}, {"time": 906, "pitch": 56, "duration": 6, "velocity": 89, "pitch_str": "G#3"}, {"time": 912, "pitch": 62, "duration": 12, "velocity": 89, "pitch_str": "D4"}, {"time": 918, "pitch": 69, "duration": 6, "velocity": 89, "pitch_str": "A4"}, {"time": 924, "pitch": 45, "duration": 6, "velocity": 89, "pitch_str": "A2"}, {"time": 924, "pitch": 68, "duration": 36, "velocity": 89, "pitch_str": "G#4"}, {"time": 924, "pitch": 73, "duration": 36, "velocity": 89, "pitch_str": "C#5"}, {"time": 930, "pitch": 52, "duration": 6, "velocity": 89, "pitch_str": "E3"}, {"time": 936, "pitch": 59, "duration": 6, "velocity": 89, "pitch_str": "B3"}, {"time": 942, "pitch": 57, "duration": 6, "velocity": 89, "pitch_str": "A3"}, {"time": 948, "pitch": 61, "duration": 12, "velocity": 89, "pitch_str": "C#4"}, {"time": 960, "pitch": 52, "duration": 12, "velocity": 89, "pitch_str": "E3"}, {"time": 960, "pitch": 66, "duration": 6, "velocity": 89, "pitch_str": "F#4"}, {"time": 966, "pitch": 64, "duration": 6, "velocity": 89, "pitch_str": "E4"}, {"time": 972, "pitch": 47, "duration": 6, "velocity": 89, "pitch_str": "B2"}, {"time": 972, "pitch": 66, "duration": 24, "velocity": 89, "pitch_str": "F#4"}, {"time": 972, "pitch": 74, "duration": 24, "velocity": 89, "pitch_str": "D5"}, {"time": 978, "pitch": 54, "duration": 6, "velocity": 89, "pitch_str": "F#3"}, {"time": 984, "pitch": 62, "duration": 6, "velocity": 89, "pitch_str": "D4"}, {"time": 990, "pitch": 54, "duration": 6, "velocity": 89, "pitch_str": "F#3"}, {"time": 996, "pitch": 52, "duration": 6, "velocity": 89, "pitch_str": "E3"}, {"time": 996, "pitch": 71, "duration": 6, "velocity": 89, "pitch_str": "B4"}, {"time": 1002, "pitch": 56, "duration": 6, "velocity": 89, "pitch_str": "G#3"}, {"time": 1002, "pitch": 69, "duration": 12, "velocity": 89, "pitch_str": "A4"}, {"time": 1008, "pitch": 62, "duration": 12, "velocity": 89, "pitch_str": "D4"}, {"time": 1014, "pitch": 69, "duration": 3, "velocity": 89, "pitch_str": "A4"}, {"time": 1017, "pitch": 76, "duration": 3, "velocity": 89, "pitch_str": "E5"}, {"time": 1020, "pitch": 45, "duration": 6, "velocity": 89, "pitch_str": "A2"}, {"time": 1020, "pitch": 68, "duration": 36, "velocity": 89, "pitch_str": "G#4"}, {"time": 1020, "pitch": 73, "duration": 36, "velocity": 89, "pitch_str": "C#5"}, {"time": 1026, "pitch": 52, "duration": 6, "velocity": 89, "pitch_str": "E3"}, {"time": 1032, "pitch": 59, "duration": 6, "velocity": 89, "pitch_str": "B3"}, {"time": 1038, "pitch": 57, "duration": 6, "velocity": 89, "pitch_str": "A3"}, {"time": 1044, "pitch": 61, "duration": 24, "velocity": 89, "pitch_str": "C#4"}, {"time": 1062, "pitch": 64, "duration": 6, "velocity": 89, "pitch_str": "E4"}, {"time": 1068, "pitch": 45, "duration": 6, "velocity": 89, "pitch_str": "A2"}, {"time": 1068, "pitch": 67, "duration": 24, "velocity": 89, "pitch_str": "G4"}, {"time": 1068, "pitch": 72, "duration": 24, "velocity": 89, "pitch_str": "C5"}, {"time": 1074, "pitch": 52, "duration": 6, "velocity": 89, "pitch_str": "E3"}, {"time": 1080, "pitch": 60, "duration": 6, "velocity": 89, "pitch_str": "C4"}, {"time": 1086, "pitch": 52, "duration": 6, "velocity": 89, "pitch_str": "E3"}, {"time": 1092, "pitch": 50, "duration": 6, "velocity": 89, "pitch_str": "D3"}, {"time": 1092, "pitch": 66, "duration": 18, "velocity": 89, "pitch_str": "F#4"}, {"time": 1092, "pitch": 74, "duration": 18, "velocity": 89, "pitch_str": "D5"}, {"time": 1098, "pitch": 54, "duration": 6, "velocity": 89, "pitch_str": "F#3"}, {"time": 1104, "pitch": 60, "duration": 12, "velocity": 89, "pitch_str": "C4"}, {"time": 1110, "pitch": 69, "duration": 3, "velocity": 89, "pitch_str": "A4"}, {"time": 1113, "pitch": 67, "duration": 3, "velocity": 89, "pitch_str": "G4"}, {"time": 1116, "pitch": 43, "duration": 6, "velocity": 89, "pitch_str": "G2"}, {"time": 1116, "pitch": 66, "duration": 36, "velocity": 89, "pitch_str": "F#4"}, {"time": 1116, "pitch": 71, "duration": 36, "velocity": 89, "pitch_str": "B4"}, {"time": 1122, "pitch": 50, "duration": 6, "velocity": 89, "pitch_str": "D3"}, {"time": 1128, "pitch": 57, "duration": 6, "velocity": 89, "pitch_str": "A3"}, {"time": 1134, "pitch": 55, "duration": 6, "velocity": 89, "pitch_str": "G3"}, {"time": 1140, "pitch": 59, "duration": 24, "velocity": 89, "pitch_str": "B3"}, {"time": 1152, "pitch": 69, "duration": 6, "velocity": 89, "pitch_str": "A4"}, {"time": 1158, "pitch": 67, "duration": 6, "velocity": 89, "pitch_str": "G4"}, {"time": 1164, "pitch": 49, "duration": 24, "velocity": 89, "pitch_str": "C#3"}, {"time": 1164, "pitch": 59, "duration": 24, "velocity": 89, "pitch_str": "B3"}, {"time": 1164, "pitch": 66, "duration": 24, "velocity": 89, "pitch_str": "F#4"}, {"time": 1188, "pitch": 48, "duration": 24, "velocity": 89, "pitch_str": "C3"}, {"time": 1188, "pitch": 58, "duration": 24, "velocity": 89, "pitch_str": "Bb3"}, {"time": 1188, "pitch": 69, "duration": 6, "velocity": 89, "pitch_str": "A4"}, {"time": 1194, "pitch": 66, "duration": 6, "velocity": 89, "pitch_str": "F#4"}, {"time": 1200, "pitch": 66, "duration": 6, "velocity": 89, "pitch_str": "F#4"}, {"time": 1206, "pitch": 64, "duration": 6, "velocity": 89, "pitch_str": "E4"}, {"time": 1212, "pitch": 47, "duration": 36, "velocity": 89, "pitch_str": "B2"}, {"time": 1212, "pitch": 57, "duration": 12, "velocity": 89, "pitch_str": "A3"}, {"time": 1212, "pitch": 66, "duration": 36, "velocity": 89, "pitch_str": "F#4"}, {"time": 1224, "pitch": 57, "duration": 12, "velocity": 89, "pitch_str": "A3"}, {"time": 1236, "pitch": 60, "duration": 24, "velocity": 89, "pitch_str": "C4"}, {"time": 1248, "pitch": 35, "duration": 12, "velocity": 89, "pitch_str": "B1"}, {"time": 1248, "pitch": 68, "duration": 12, "velocity": 89, "pitch_str": "G#4"}, {"time": 1260, "pitch": 40, "duration": 6, "velocity": 89, "pitch_str": "E2"}, {"time": 1266, "pitch": 47, "duration": 6, "velocity": 89, "pitch_str": "B2"}, {"time": 1272, "pitch": 56, "duration": 18, "velocity": 89, "pitch_str": "G#3"}, {"time": 1272, "pitch": 68, "duration": 6, "velocity": 56, "pitch_str": "G#4"}, {"time": 1272, "pitch": 75, "duration": 6, "velocity": 56, "pitch_str": "D#5"}, {"time": 1272, "pitch": 80, "duration": 6, "velocity": 56, "pitch_str": "G#5"}, {"time": 1278, "pitch": 69, "duration": 6, "velocity": 56, "pitch_str": "A4"}, {"time": 1278, "pitch": 81, "duration": 6, "velocity": 56, "pitch_str": "A5"}, {"time": 1284, "pitch": 71, "duration": 18, "velocity": 56, "pitch_str": "B4"}, {"time": 1284, "pitch": 80, "duration": 18, "velocity": 56, "pitch_str": "G#5"}, {"time": 1284, "pitch": 83, "duration": 18, "velocity": 56, "pitch_str": "B5"}, {"time": 1290, "pitch": 47, "duration": 6, "velocity": 89, "pitch_str": "B2"}, {"time": 1296, "pitch": 56, "duration": 12, "velocity": 89, "pitch_str": "G#3"}, {"time": 1302, "pitch": 59, "duration": 6, "velocity": 56, "pitch_str": "B3"}, {"time": 1302, "pitch": 71, "duration": 6, "velocity": 56, "pitch_str": "B4"}, {"time": 1308, "pitch": 45, "duration": 6, "velocity": 89, "pitch_str": "A2"}, {"time": 1308, "pitch": 61, "duration": 48, "velocity": 89, "pitch_str": "C#4"}, {"time": 1308, "pitch": 68, "duration": 48, "velocity": 89, "pitch_str": "G#4"}, {"time": 1308, "pitch": 73, "duration": 48, "velocity": 89, "pitch_str": "C#5"}, {"time": 1314, "pitch": 52, "duration": 6, "velocity": 89, "pitch_str": "E3"}, {"time": 1320, "pitch": 59, "duration": 6, "velocity": 89, "pitch_str": "B3"}, {"time": 1326, "pitch": 52, "duration": 6, "velocity": 89, "pitch_str": "E3"}, {"time": 1332, "pitch": 57, "duration": 6, "velocity": 89, "pitch_str": "A3"}, {"time": 1338, "pitch": 52, "duration": 6, "velocity": 89, "pitch_str": "E3"}, {"time": 1344, "pitch": 51, "duration": 4, "velocity": 89, "pitch_str": "D#3"}, {"time": 1348, "pitch": 52, "duration": 4, "velocity": 89, "pitch_str": "E3"}, {"time": 1352, "pitch": 54, "duration": 4, "velocity": 89, "pitch_str": "F#3"}, {"time": 1356, "pitch": 47, "duration": 6, "velocity": 89, "pitch_str": "B2"}, {"time": 1362, "pitch": 54, "duration": 6, "velocity": 89, "pitch_str": "F#3"}, {"time": 1368, "pitch": 59, "duration": 12, "velocity": 89, "pitch_str": "B3"}, {"time": 1368, "pitch": 69, "duration": 6, "velocity": 89, "pitch_str": "A4"}, {"time": 1368, "pitch": 75, "duration": 6, "velocity": 89, "pitch_str": "D#5"}, {"time": 1368, "pitch": 81, "duration": 6, "velocity": 89, "pitch_str": "A5"}, {"time": 1374, "pitch": 71, "duration": 6, "velocity": 89, "pitch_str": "B4"}, {"time": 1374, "pitch": 83, "duration": 6, "velocity": 89, "pitch_str": "B5"}, {"time": 1380, "pitch": 47, "duration": 6, "velocity": 89, "pitch_str": "B2"}, {"time": 1380, "pitch": 73, "duration": 18, "velocity": 89, "pitch_str": "C#5"}, {"time": 1380, "pitch": 81, "duration": 18, "velocity": 89, "pitch_str": "A5"}, {"time": 1380, "pitch": 85, "duration": 18, "velocity": 89, "pitch_str": "C#6"}, {"time": 1386, "pitch": 54, "duration": 6, "velocity": 89, "pitch_str": "F#3"}, {"time": 1392, "pitch": 57, "duration": 12, "velocity": 89, "pitch_str": "A3"}, {"time": 1398, "pitch": 61, "duration": 6, "velocity": 89, "pitch_str": "C#4"}, {"time": 1398, "pitch": 73, "duration": 6, "velocity": 89, "pitch_str": "C#5"}, {"time": 1404, "pitch": 40, "duration": 6, "velocity": 89, "pitch_str": "E2"}, {"time": 1404, "pitch": 63, "duration": 48, "velocity": 89, "pitch_str": "D#4"}, {"time": 1404, "pitch": 68, "duration": 48, "velocity": 89, "pitch_str": "G#4"}, {"time": 1404, "pitch": 75, "duration": 48, "velocity": 89, "pitch_str": "D#5"}, {"time": 1410, "pitch": 47, "duration": 6, "velocity": 89, "pitch_str": "B2"}, {"time": 1416, "pitch": 56, "duration": 6, "velocity": 89, "pitch_str": "G#3"}, {"time": 1422, "pitch": 54, "duration": 6, "velocity": 89, "pitch_str": "F#3"}, {"time": 1428, "pitch": 56, "duration": 12, "velocity": 89, "pitch_str": "G#3"}, {"time": 1434, "pitch": 75, "duration": 6, "velocity": 89, "pitch_str": "D#5"}, {"time": 1440, "pitch": 52, "duration": 12, "velocity": 89, "pitch_str": "E3"}, {"time": 1440, "pitch": 83, "duration": 6, "velocity": 89, "pitch_str": "B5"}, {"time": 1446, "pitch": 81, "duration": 6, "velocity": 89, "pitch_str": "A5"}, {"time": 1452, "pitch": 49, "duration": 6, "velocity": 89, "pitch_str": "C#3"}, {"time": 1452, "pitch": 71, "duration": 12, "velocity": 89, "pitch_str": "B4"}, {"time": 1452, "pitch": 80, "duration": 12, "velocity": 89, "pitch_str": "G#5"}, {"time": 1458, "pitch": 56, "duration": 6, "velocity": 89, "pitch_str": "G#3"}, {"time": 1464, "pitch": 61, "duration": 12, "velocity": 89, "pitch_str": "C#4"}, {"time": 1464, "pitch": 71, "duration": 6, "velocity": 89, "pitch_str": "B4"}, {"time": 1464, "pitch": 80, "duration": 6, "velocity": 89, "pitch_str": "G#5"}, {"time": 1464, "pitch": 83, "duration": 6, "velocity": 89, "pitch_str": "B5"}, {"time": 1470, "pitch": 73, "duration": 6, "velocity": 89, "pitch_str": "C#5"}, {"time": 1470, "pitch": 85, "duration": 6, "velocity": 89, "pitch_str": "C#6"}, {"time": 1476, "pitch": 49, "duration": 6, "velocity": 89, "pitch_str": "C#3"}, {"time": 1476, "pitch": 75, "duration": 18, "velocity": 89, "pitch_str": "D#5"}, {"time": 1476, "pitch": 83, "duration": 18, "velocity": 89, "pitch_str": "B5"}, {"time": 1476, "pitch": 87, "duration": 18, "velocity": 89, "pitch_str": "D#6"}, {"time": 1482, "pitch": 56, "duration": 6, "velocity": 89, "pitch_str": "G#3"}, {"time": 1488, "pitch": 59, "duration": 12, "velocity": 89, "pitch_str": "B3"}, {"time": 1494, "pitch": 68, "duration": 6, "velocity": 89, "pitch_str": "G#4"}, {"time": 1494, "pitch": 80, "duration": 6, "velocity": 89, "pitch_str": "G#5"}, {"time": 1500, "pitch": 42, "duration": 6, "velocity": 89, "pitch_str": "F#2"}, {"time": 1500, "pitch": 76, "duration": 18, "velocity": 89, "pitch_str": "E5"}, {"time": 1500, "pitch": 82, "duration": 18, "velocity": 89, "pitch_str": "A#5"}, {"time": 1500, "pitch": 88, "duration": 18, "velocity": 89, "pitch_str": "E6"}, {"time": 1506, "pitch": 49, "duration": 6, "velocity": 89, "pitch_str": "C#3"}, {"time": 1512, "pitch": 58, "duration": 12, "velocity": 89, "pitch_str": "A#3"}, {"time": 1518, "pitch": 70, "duration": 6, "velocity": 89, "pitch_str": "A#4"}, {"time": 1518, "pitch": 76, "duration": 6, "velocity": 89, "pitch_str": "E5"}, {"time": 1518, "pitch": 82, "duration": 6, "velocity": 89, "pitch_str": "A#5"}, {"time": 1524, "pitch": 64, "duration": 12, "velocity": 89, "pitch_str": "E4"}, {"time": 1524, "pitch": 70, "duration": 12, "velocity": 89, "pitch_str": "A#4"}, {"time": 1524, "pitch": 76, "duration": 12, "velocity": 89, "pitch_str": "E5"}, {"time": 1524, "pitch": 82, "duration": 12, "velocity": 89, "pitch_str": "A#5"}, {"time": 1536, "pitch": 58, "duration": 12, "velocity": 89, "pitch_str": "A#3"}, {"time": 1542, "pitch": 61, "duration": 6, "velocity": 89, "pitch_str": "C#4"}, {"time": 1548, "pitch": 42, "duration": 4, "velocity": 89, "pitch_str": "F#2"}, {"time": 1548, "pitch": 69, "duration": 12, "velocity": 89, "pitch_str": "A4"}, {"time": 1552, "pitch": 49, "duration": 4, "velocity": 89, "pitch_str": "C#3"}, {"time": 1556, "pitch": 57, "duration": 4, "velocity": 89, "pitch_str": "A3"}, {"time": 1560, "pitch": 42, "duration": 6, "velocity": 89, "pitch_str": "F#2"}, {"time": 1560, "pitch": 68, "duration": 12, "velocity": 89, "pitch_str": "G#4"}, {"time": 1566, "pitch": 49, "duration": 6, "velocity": 89, "pitch_str": "C#3"}, {"time": 1572, "pitch": 57, "duration": 6, "velocity": 89, "pitch_str": "A3"}, {"time": 1572, "pitch": 66, "duration": 18, "velocity": 89, "pitch_str": "F#4"}, {"time": 1578, "pitch": 47, "duration": 4, "velocity": 89, "pitch_str": "B2"}, {"time": 1582, "pitch": 54, "duration": 4, "velocity": 89, "pitch_str": "F#3"}, {"time": 1586, "pitch": 59, "duration": 4, "velocity": 89, "pitch_str": "B3"}, {"time": 1590, "pitch": 47, "duration": 6, "velocity": 89, "pitch_str": "B2"}, {"time": 1590, "pitch": 64, "duration": 6, "velocity": 89, "pitch_str": "E4"}, {"time": 1596, "pitch": 54, "duration": 6, "velocity": 89, "pitch_str": "F#3"}, {"time": 1602, "pitch": 57, "duration": 6, "velocity": 89, "pitch_str": "A3"}, {"time": 1608, "pitch": 40, "duration": 6, "velocity": 67, "pitch_str": "E2"}, {"time": 1608, "pitch": 64, "duration": 48, "velocity": 67, "pitch_str": "E4"}, {"time": 1614, "pitch": 47, "duration": 6, "velocity": 67, "pitch_str": "B2"}, {"time": 1620, "pitch": 54, "duration": 6, "velocity": 67, "pitch_str": "F#3"}, {"time": 1620, "pitch": 78, "duration": 12, "velocity": 89, "pitch_str": "F#5"}, {"time": 1626, "pitch": 52, "duration": 6, "velocity": 67, "pitch_str": "E3"}, {"time": 1632, "pitch": 56, "duration": 24, "velocity": 67, "pitch_str": "G#3"}, {"time": 1632, "pitch": 76, "duration": 12, "velocity": 89, "pitch_str": "E5"}, {"time": 1644, "pitch": 75, "duration": 12, "velocity": 89, "pitch_str": "D#5"}, {"time": 1656, "pitch": 42, "duration": 6, "velocity": 67, "pitch_str": "F#2"}, {"time": 1656, "pitch": 76, "duration": 18, "velocity": 67, "pitch_str": "E5"}, {"time": 1662, "pitch": 49, "duration": 6, "velocity": 67, "pitch_str": "C#3"}, {"time": 1668, "pitch": 58, "duration": 12, "velocity": 67, "pitch_str": "A#3"}, {"time": 1674, "pitch": 70, "duration": 6, "velocity": 67, "pitch_str": "A#4"}, {"time": 1680, "pitch": 64, "duration": 12, "velocity": 67, "pitch_str": "E4"}, {"time": 1680, "pitch": 70, "duration": 12, "velocity": 67, "pitch_str": "A#4"}, {"time": 1692, "pitch": 58, "duration": 12, "velocity": 67, "pitch_str": "A#3"}, {"time": 1698, "pitch": 61, "duration": 6, "velocity": 67, "pitch_str": "C#4"}, {"time": 1704, "pitch": 42, "duration": 6, "velocity": 67, "pitch_str": "F#2"}, {"time": 1704, "pitch": 69, "duration": 12, "velocity": 67, "pitch_str": "A4"}, {"time": 1710, "pitch": 49, "duration": 6, "velocity": 67, "pitch_str": "C#3"}, {"time": 1716, "pitch": 57, "duration": 12, "velocity": 67, "pitch_str": "A3"}, {"time": 1716, "pitch": 68, "duration": 12, "velocity": 67, "pitch_str": "G#4"}, {"time": 1728, "pitch": 47, "duration": 6, "velocity": 67, "pitch_str": "B2"}, {"time": 1728, "pitch": 66, "duration": 18, "velocity": 67, "pitch_str": "F#4"}, {"time": 1734, "pitch": 54, "duration": 6, "velocity": 67, "pitch_str": "F#3"}, {"time": 1740, "pitch": 57, "duration": 12, "velocity": 67, "pitch_str": "A3"}, {"time": 1746, "pitch": 64, "duration": 6, "velocity": 67, "pitch_str": "E4"}, {"time": 1752, "pitch": 40, "duration": 6, "velocity": 56, "pitch_str": "E2"}, {"time": 1752, "pitch": 64, "duration": 96, "velocity": 56, "pitch_str": "E4"}, {"time": 1758, "pitch": 47, "duration": 6, "velocity": 56, "pitch_str": "B2"}, {"time": 1764, "pitch": 54, "duration": 6, "velocity": 56, "pitch_str": "F#3"}, {"time": 1764, "pitch": 80, "duration": 6, "velocity": 67, "pitch_str": "G#5"}, {"time": 1770, "pitch": 52, "duration": 6, "velocity": 56, "pitch_str": "E3"}, {"time": 1770, "pitch": 81, "duration": 6, "velocity": 67, "pitch_str": "A5"}, {"time": 1776, "pitch": 56, "duration": 24, "velocity": 56, "pitch_str": "G#3"}, {"time": 1776, "pitch": 83, "duration": 18, "velocity": 67, "pitch_str": "B5"}, {"time": 1794, "pitch": 71, "duration": 6, "velocity": 67, "pitch_str": "B4"}, {"time": 1800, "pitch": 45, "duration": 6, "velocity": 56, "pitch_str": "A2"}, {"time": 1800, "pitch": 73, "duration": 48, "velocity": 56, "pitch_str": "C#5"}, {"time": 1806, "pitch": 52, "duration": 6, "velocity": 56, "pitch_str": "E3"}, {"time": 1812, "pitch": 57, "duration": 6, "velocity": 56, "pitch_str": "A3"}, {"time": 1818, "pitch": 59, "duration": 6, "velocity": 56, "pitch_str": "B3"}, {"time": 1824, "pitch": 45, "duration": 6, "velocity": 56, "pitch_str": "A2"}, {"time": 1830, "pitch": 52, "duration": 6, "velocity": 56, "pitch_str": "E3"}, {"time": 1836, "pitch": 57, "duration": 6, "velocity": 56, "pitch_str": "A3"}, {"time": 1842, "pitch": 59, "duration": 6, "velocity": 56, "pitch_str": "B3"}, {"time": 1848, "pitch": 47, "duration": 36, "velocity": 56, "pitch_str": "B2"}, {"time": 1848, "pitch": 59, "duration": 12, "velocity": 56, "pitch_str": "B3"}, {"time": 1848, "pitch": 63, "duration": 12, "velocity": 56, "pitch_str": "D#4"}, {"time": 1860, "pitch": 69, "duration": 6, "velocity": 56, "pitch_str": "A4"}, {"time": 1866, "pitch": 68, "duration": 6, "velocity": 56, "pitch_str": "G#4"}, {"time": 1872, "pitch": 66, "duration": 18, "velocity": 56, "pitch_str": "F#4"}, {"time": 1884, "pitch": 35, "duration": 12, "velocity": 56, "pitch_str": "B1"}, {"time": 1890, "pitch": 64, "duration": 6, "velocity": 56, "pitch_str": "E4"}, {"time": 1896, "pitch": 40, "duration": 48, "velocity": 56, "pitch_str": "E2"}, {"time": 1896, "pitch": 47, "duration": 48, "velocity": 56, "pitch_str": "B2"}, {"time": 1896, "pitch": 54, "duration": 6, "velocity": 56, "pitch_str": "F#3"}, {"time": 1896, "pitch": 64, "duration": 48, "velocity": 56, "pitch_str": "E4"}, {"time": 1902, "pitch": 56, "duration": 42, "velocity": 56, "pitch_str": "G#3"}]}]}