{"metadata": {"schema_version": "0.2", "title": "[Audiveris detected movement]", "creators": ["Traditional"], "source_filename": "brother-john-piano.mxl", "source_format": "musicxml"}, "resolution": 4, "tempos": [{"time": 0, "qpm": 120.0}], "time_signatures": [{"time": 0, "numerator": 4, "denominator": 4}], "barlines": [{"time": 0}, {"time": 16}, {"time": 32}, {"time": 48}, {"time": 64}, {"time": 80}, {"time": 96}, {"time": 104}], "beats": [{"time": 0}, {"time": 4}, {"time": 8}, {"time": 12}, {"time": 16}, {"time": 20}, {"time": 24}, {"time": 28}, {"time": 32}, {"time": 36}, {"time": 40}, {"time": 44}, {"time": 48}, {"time": 52}, {"time": 56}, {"time": 60}, {"time": 64}, {"time": 68}, {"time": 72}, {"time": 76}, {"time": 80}, {"time": 84}, {"time": 88}, {"time": 92}, {"time": 96}, {"time": 100}, {"time": 104}, {"time": 108}, {"time": 112}, {"time": 116}], "tracks": [{"program": 1, "is_drum": false, "name": "Acoustic Grand Piano", "notes": [{"time": 0, "pitch": 60, "duration": 4, "velocity": 64, "pitch_str": "C4"}, {"time": 4, "pitch": 62, "duration": 4, "velocity": 64, "pitch_str": "D4"}, {"time": 8, "pitch": 64, "duration": 4, "velocity": 64, "pitch_str": "E4"}, {"time": 12, "pitch": 60, "duration": 4, "velocity": 64, "pitch_str": "C4"}, {"time": 16, "pitch": 48, "duration": 4, "velocity": 64, "pitch_str": "C3"}, {"time": 20, "pitch": 50, "duration": 4, "velocity": 64, "pitch_str": "D3"}, {"time": 24, "pitch": 52, "duration": 4, "velocity": 64, "pitch_str": "E3"}, {"time": 28, "pitch": 48, "duration": 4, "velocity": 64, "pitch_str": "C3"}, {"time": 32, "pitch": 64, "duration": 4, "velocity": 64, "pitch_str": "E4"}, {"time": 36, "pitch": 65, "duration": 4, "velocity": 64, "pitch_str": "F4"}, {"time": 40, "pitch": 67, "duration": 8, "velocity": 64, "pitch_str": "G4"}, {"time": 48, "pitch": 52, "duration": 4, "velocity": 64, "pitch_str": "E3"}, {"time": 52, "pitch": 53, "duration": 4, "velocity": 64, "pitch_str": "F3"}, {"time": 56, "pitch": 55, "duration": 8, "velocity": 64, "pitch_str": "G3"}, {"time": 64, "pitch": 67, "duration": 2, "velocity": 64, "pitch_str": "G4"}, {"time": 66, "pitch": 67, "duration": 2, "velocity": 64, "pitch_str": "G4"}, {"time": 68, "pitch": 67, "duration": 2, "velocity": 64, "pitch_str": "G4"}, {"time": 70, "pitch": 65, "duration": 2, "velocity": 64, "pitch_str": "F4"}, {"time": 72, "pitch": 64, "duration": 4, "velocity": 64, "pitch_str": "E4"}, {"time": 76, "pitch": 60, "duration": 4, "velocity": 64, "pitch_str": "C4"}, {"time": 80, "pitch": 55, "duration": 2, "velocity": 64, "pitch_str": "G3"}, {"time": 82, "pitch": 55, "duration": 2, "velocity": 64, "pitch_str": "G3"}, {"time": 84, "pitch": 55, "duration": 2, "velocity": 64, "pitch_str": "G3"}, {"time": 86, "pitch": 53, "duration": 2, "velocity": 64, "pitch_str": "F3"}, {"time": 88, "pitch": 52, "duration": 4, "velocity": 64, "pitch_str": "E3"}, {"time": 92, "pitch": 48, "duration": 4, "velocity": 64, "pitch_str": "C3"}, {"time": 96, "pitch": 60, "duration": 4, "velocity": 64, "pitch_str": "C4"}, {"time": 100, "pitch": 55, "duration": 4, "velocity": 64, "pitch_str": "G3"}, {"time": 104, "pitch": 60, "duration": 4, "velocity": 64, "pitch_str": "C4"}, {"time": 104, "pitch": 60, "duration": 8, "velocity": 64, "pitch_str": "C4"}, {"time": 108, "pitch": 55, "duration": 4, "velocity": 64, "pitch_str": "G3"}, {"time": 112, "pitch": 60, "duration": 8, "velocity": 64, "pitch_str": "C4"}]}]}