{"metadata": {"schema_version": "0.2", "title": "Humpty Dumpty", "source_filename": "humpty-dumpty-piano.mxl", "source_format": "musicxml"}, "resolution": 2, "tempos": [{"time": 0, "qpm": 120.0}], "time_signatures": [{"time": 0, "numerator": 6, "denominator": 8}], "barlines": [{"time": 0}, {"time": 6}, {"time": 12}, {"time": 18}, {"time": 24}, {"time": 30}, {"time": 36}, {"time": 42}], "beats": [{"time": 0}, {"time": 1}, {"time": 2}, {"time": 3}, {"time": 4}, {"time": 5}, {"time": 6}, {"time": 7}, {"time": 8}, {"time": 9}, {"time": 10}, {"time": 11}, {"time": 12}, {"time": 13}, {"time": 14}, {"time": 15}, {"time": 16}, {"time": 17}, {"time": 18}, {"time": 19}, {"time": 20}, {"time": 21}, {"time": 22}, {"time": 23}, {"time": 24}, {"time": 25}, {"time": 26}, {"time": 27}, {"time": 28}, {"time": 29}, {"time": 30}, {"time": 31}, {"time": 32}, {"time": 33}, {"time": 34}, {"time": 35}, {"time": 36}, {"time": 37}, {"time": 38}, {"time": 39}, {"time": 40}, {"time": 41}, {"time": 42}, {"time": 43}, {"time": 44}, {"time": 45}, {"time": 46}, {"time": 47}], "tracks": [{"program": 54, "is_drum": false, "name": "Voice Oohs", "notes": [{"time": 0, "pitch": 64, "duration": 2, "velocity": 64, "pitch_str": "E4"}, {"time": 2, "pitch": 67, "duration": 1, "velocity": 64, "pitch_str": "G4"}, {"time": 3, "pitch": 65, "duration": 2, "velocity": 64, "pitch_str": "F4"}, {"time": 5, "pitch": 69, "duration": 1, "velocity": 64, "pitch_str": "A4"}, {"time": 6, "pitch": 67, "duration": 1, "velocity": 64, "pitch_str": "G4"}, {"time": 7, "pitch": 69, "duration": 1, "velocity": 64, "pitch_str": "A4"}, {"time": 8, "pitch": 71, "duration": 1, "velocity": 64, "pitch_str": "B4"}, {"time": 9, "pitch": 72, "duration": 2, "velocity": 64, "pitch_str": "C5"}, {"time": 12, "pitch": 64, "duration": 2, "velocity": 64, "pitch_str": "E4"}, {"time": 14, "pitch": 67, "duration": 1, "velocity": 64, "pitch_str": "G4"}, {"time": 15, "pitch": 65, "duration": 2, "velocity": 64, "pitch_str": "F4"}, {"time": 17, "pitch": 69, "duration": 1, "velocity": 64, "pitch_str": "A4"}, {"time": 18, "pitch": 67, "duration": 1, "velocity": 64, "pitch_str": "G4"}, {"time": 19, "pitch": 64, "duration": 1, "velocity": 64, "pitch_str": "E4"}, {"time": 20, "pitch": 60, "duration": 1, "velocity": 64, "pitch_str": "C4"}, {"time": 21, "pitch": 62, "duration": 2, "velocity": 64, "pitch_str": "D4"}, {"time": 24, "pitch": 64, "duration": 1, "velocity": 64, "pitch_str": "E4"}, {"time": 25, "pitch": 64, "duration": 1, "velocity": 64, "pitch_str": "E4"}, {"time": 26, "pitch": 67, "duration": 1, "velocity": 64, "pitch_str": "G4"}, {"time": 27, "pitch": 65, "duration": 1, "velocity": 64, "pitch_str": "F4"}, {"time": 28, "pitch": 65, "duration": 1, "velocity": 64, "pitch_str": "F4"}, {"time": 29, "pitch": 69, "duration": 1, "velocity": 64, "pitch_str": "A4"}, {"time": 30, "pitch": 67, "duration": 1, "velocity": 64, "pitch_str": "G4"}, {"time": 31, "pitch": 69, "duration": 1, "velocity": 64, "pitch_str": "A4"}, {"time": 32, "pitch": 71, "duration": 1, "velocity": 64, "pitch_str": "B4"}, {"time": 33, "pitch": 72, "duration": 2, "velocity": 64, "pitch_str": "C5"}, {"time": 36, "pitch": 76, "duration": 1, "velocity": 64, "pitch_str": "E5"}, {"time": 37, "pitch": 76, "duration": 1, "velocity": 64, "pitch_str": "E5"}, {"time": 38, "pitch": 72, "duration": 1, "velocity": 64, "pitch_str": "C5"}, {"time": 39, "pitch": 77, "duration": 1, "velocity": 64, "pitch_str": "F5"}, {"time": 40, "pitch": 77, "duration": 1, "velocity": 64, "pitch_str": "F5"}, {"time": 41, "pitch": 76, "duration": 1, "velocity": 64, "pitch_str": "E5"}, {"time": 42, "pitch": 74, "duration": 1, "velocity": 64, "pitch_str": "D5"}, {"time": 43, "pitch": 72, "duration": 1, "velocity": 64, "pitch_str": "C5"}, {"time": 44, "pitch": 71, "duration": 1, "velocity": 64, "pitch_str": "B4"}, {"time": 45, "pitch": 72, "duration": 3, "velocity": 64, "pitch_str": "C5"}], "lyrics": [{"time": 0, "lyric": "Hump -"}, {"time": 2, "lyric": "- ty"}, {"time": 3, "lyric": "Dump -"}, {"time": 5, "lyric": "- ty"}, {"time": 6, "lyric": "sat"}, {"time": 7, "lyric": "on"}, {"time": 8, "lyric": "a"}, {"time": 9, "lyric": "wall"}, {"time": 12, "lyric": "Hump -"}, {"time": 14, "lyric": "- ty"}, {"time": 15, "lyric": "Dump -"}, {"time": 17, "lyric": "- ty"}, {"time": 18, "lyric": "had"}, {"time": 19, "lyric": "a"}, {"time": 20, "lyric": "great"}, {"time": 21, "lyric": "fall"}, {"time": 24, "lyric": "All"}, {"time": 25, "lyric": "the"}, {"time": 26, "lyric": "kings"}, {"time": 27, "lyric": "hors -"}, {"time": 28, "lyric": "- es"}, {"time": 29, "lyric": "and"}, {"time": 30, "lyric": "all"}, {"time": 31, "lyric": "the"}, {"time": 32, "lyric": "king's"}, {"time": 33, "lyric": "men"}, {"time": 36, "lyric": "could"}, {"time": 37, "lyric": "n't"}, {"time": 38, "lyric": "put"}, {"time": 39, "lyric": "Hump"}, {"time": 40, "lyric": "ty"}, {"time": 41, "lyric": "to"}, {"time": 42, "lyric": "geth"}, {"time": 43, "lyric": "er"}, {"time": 44, "lyric": "a"}, {"time": 45, "lyric": "gain."}]}]}